City_ID,City,Lat,Lng,Max Temp,Humidity,Cloudiness,Wind Speed,Country,Date
0,hermanus,-34.4187,19.2345,18.78,90,4,1.54,ZA,1675227998
1,albany,42.6001,-73.9662,-7.02,61,98,1.31,US,1675228167
2,papar,5.7333,115.9333,30.0,74,81,2.35,MY,1675228089
3,paamiut,61.994,-49.6678,-9.83,73,100,4.7,GL,1675228198
4,qaanaaq,77.484,-69.3632,-22.46,51,78,3.27,GL,1675228199
5,hilo,19.7297,-155.09,24.6,89,40,3.09,US,1675227953
6,chuy,-33.6971,-53.4616,20.97,93,6,2.27,UY,1675228199
7,hami,42.8,93.45,-0.81,28,96,0.6,CN,1675228200
8,sangar,63.9242,127.4739,-33.29,93,100,2.31,RU,1675228200
9,rikitea,-23.1203,-134.9692,26.12,72,5,6.47,PF,1675228201
10,port alfred,-33.5906,26.891,21.21,97,3,2.61,ZA,1675228201
11,kirakira,-10.4544,161.9205,28.75,72,98,3.24,SB,1675228063
12,upernavik,72.7868,-56.1549,-20.4,93,100,1.85,GL,1675228202
13,new norfolk,-42.7826,147.0587,18.84,30,54,1.79,AU,1675228203
14,yulara,-25.2406,130.9889,34.08,11,3,6.91,AU,1675228203
15,nong kung si,16.65,103.3,30.46,81,22,0.73,TH,1675228204
16,sulangan,11.1373,123.7228,27.07,80,9,4.16,PH,1675228204
17,cockburn town,21.4612,-71.1419,25.04,71,91,8.65,TC,1675228205
18,bethel,41.3712,-73.414,-1.8,59,100,4.12,US,1675228205
19,torit,4.4133,32.5678,27.36,33,33,1.18,SS,1675228206
20,lebu,-37.6167,-73.65,13.6,86,0,9.26,CL,1675227944
21,bengkulu,-3.8004,102.2655,28.51,69,100,4.44,ID,1675228207
22,goya,-29.14,-59.2626,24.62,30,0,1.8,AR,1675228183
23,chokurdakh,70.6333,147.9167,-19.27,97,100,3.5,RU,1675228207
24,nara,34.6851,135.8049,10.28,37,99,4.4,JP,1675228208
25,jamestown,42.097,-79.2353,-7.47,91,0,3.09,US,1675228031
26,mataura,-46.1927,168.8643,20.4,78,100,1.29,NZ,1675228209
27,caravelas,-17.7125,-39.2481,23.42,86,97,1.37,BR,1675228209
28,balikpapan,-1.2675,116.8289,28.55,74,20,1.54,ID,1675228210
29,sibolga,1.7427,98.7792,26.82,77,100,0.44,ID,1675228210
30,kyren,51.6828,102.1408,-9.76,70,63,0.25,RU,1675228211
31,concepcion del oro,24.6333,-101.4167,13.32,63,99,1.63,MX,1675228211
32,vanavara,60.34,102.2797,-15.34,93,100,1.71,RU,1675228212
33,punta arenas,-53.15,-70.9167,12.06,66,20,12.35,CL,1675228021
34,namibe,-15.1961,12.1522,22.13,81,100,1.87,AO,1675228213
35,mahebourg,-20.4081,57.7,28.16,74,75,3.6,MU,1675228213
36,wuwei,37.9281,102.6414,-3.12,29,100,2.58,CN,1675228214
37,maceio,-9.6658,-35.7353,22.69,100,40,2.57,BR,1675227902
38,taraz,42.9,71.3667,0.23,74,78,2.0,KZ,1675228214
39,dikson,73.5069,80.5464,-23.32,92,43,3.55,RU,1675228215
40,san miguel,13.4833,-88.1833,23.9,62,5,0.34,SV,1675228215
41,puerto ayora,-0.7393,-90.3518,24.19,92,73,2.18,EC,1675227950
42,nemuro,43.3236,145.575,-1.66,83,60,3.61,JP,1675228216
43,sungaipenuh,-2.0833,101.3833,25.25,63,99,2.11,ID,1675228216
44,east london,-33.0153,27.9116,23.66,70,4,1.3,ZA,1675228217
45,smolenka,52.1352,113.4974,-11.14,52,11,5.0,RU,1675228217
46,mareeba,-17.0,145.4333,28.4,97,100,1.46,AU,1675228218
47,nyurba,63.2842,118.3319,-28.9,95,97,3.42,RU,1675228218
48,souillac,-20.5167,57.5167,28.21,74,75,3.6,MU,1675228066
49,union,40.6334,-74.2663,1.63,60,100,5.66,US,1675228148
50,daru,-9.0763,143.2092,29.27,79,100,3.48,PG,1675228220
51,crixas,-14.5489,-49.9692,21.65,86,79,0.47,BR,1675228220
52,gat,31.61,34.7642,11.89,100,63,7.9,IL,1675228221
53,castro,-24.7911,-50.0119,17.24,98,100,1.17,BR,1675228049
54,bredasdorp,-34.5322,20.0403,19.46,88,9,2.17,ZA,1675227954
55,cove,7.221,2.3402,23.43,82,50,0.91,BJ,1675228221
56,barinitas,8.7622,-70.4111,20.73,56,2,2.29,VE,1675228222
57,punta alta,-38.8759,-62.0736,18.48,86,100,5.98,AR,1675228216
58,coquimbo,-29.9533,-71.3436,16.85,100,75,1.03,CL,1675228076
59,kapaa,22.0752,-159.319,23.99,90,20,4.63,US,1675228027
60,olinda,-8.0089,-34.8553,26.85,74,75,2.57,BR,1675227770
61,zacapu,19.8333,-101.7167,10.18,67,3,2.15,MX,1675228224
62,georgetown,5.4112,100.3354,29.99,70,20,2.24,MY,1675227934
63,ushuaia,-54.8,-68.3,8.99,88,100,4.16,AR,1675228224
64,faanui,-16.4833,-151.75,27.77,73,100,6.37,PF,1675227953
65,owando,-0.4819,15.8999,21.53,78,58,1.68,CG,1675228225
66,santa fe,-31.6333,-60.7,26.1,67,0,0.89,AR,1675228008
67,blatnica,44.4864,17.8233,-0.84,76,58,2.73,BA,1675228226
68,yellowknife,62.456,-114.3525,-28.22,95,95,4.73,CA,1675228227
69,pacific grove,36.6177,-121.9166,7.82,77,0,2.06,US,1675228227
70,mayo,38.8876,-76.5119,3.06,89,100,1.79,US,1675228152
71,avarua,-21.2078,-159.775,24.03,94,75,5.14,CK,1675228228
72,miramar,25.9873,-80.2323,25.01,83,0,3.09,US,1675228229
73,verkhoyansk,67.5447,133.385,-28.16,97,100,1.21,RU,1675228229
74,pevek,69.7008,170.3133,-14.26,84,36,1.73,RU,1675228230
75,kodiak,57.79,-152.4072,2.73,87,100,3.6,US,1675228230
76,makakilo city,21.3469,-158.0858,25.18,81,0,3.09,US,1675228231
77,nuuk,64.1835,-51.7216,-15.41,88,100,6.26,GL,1675228231
78,miraflores,19.2167,-98.8083,17.15,52,0,1.56,MX,1675228232
79,provideniya,64.3833,-173.3,-3.94,100,100,1.0,RU,1675228153
80,busselton,-33.65,115.3333,27.67,32,0,4.17,AU,1675228233
81,surgana,20.5667,73.6167,25.05,36,60,3.42,IN,1675228233
82,agadez,19.75,10.25,11.28,36,29,4.07,NE,1675228234
83,berlevag,70.8578,29.0864,0.97,75,100,11.83,NO,1675228234
84,bambous virieux,-20.3428,57.7575,28.14,74,75,3.6,MU,1675228234
85,donji milanovac,44.4627,22.1523,1.9,95,99,3.9,RS,1675228235
86,luoyang,34.6836,112.4536,7.17,17,85,8.07,CN,1675228236
87,cape town,-33.9258,18.4232,22.43,85,40,5.14,ZA,1675227963
88,port augusta,-32.5,137.7667,25.07,35,7,7.52,AU,1675228147
89,grindavik,63.8424,-22.4338,-2.74,74,0,2.06,IS,1675228148
90,butaritari,3.0707,172.7902,26.86,79,91,8.02,KI,1675228203
91,alta floresta,-9.8756,-56.0861,20.66,98,31,0.74,BR,1675228237
92,olafsvik,64.8945,-23.7142,-1.23,88,100,6.18,IS,1675228238
93,vidalia,32.2177,-82.4135,17.06,100,100,0.0,US,1675228238
94,bluff,-46.6,168.3333,16.66,90,100,4.55,NZ,1675228232
95,christchurch,-43.5333,172.6333,22.49,73,100,7.72,NZ,1675228004
96,boca do acre,-8.7522,-67.3978,21.82,98,100,1.05,BR,1675228240
97,onega,63.9061,38.1404,-6.74,93,100,3.45,RU,1675228240
98,ponta do sol,32.6667,-17.1,15.4,60,60,2.81,PT,1675228241
99,porto nacional,-10.7081,-48.4172,22.73,81,19,0.72,BR,1675228241
100,tandil,-37.3217,-59.1332,17.6,94,96,3.4,AR,1675228181
101,cherskiy,68.75,161.3,-24.81,100,57,2.73,RU,1675228097
102,fare,-16.7,-151.0167,27.45,74,60,6.99,PF,1675228242
103,geraldton,-28.7667,114.6,33.23,35,0,9.77,AU,1675228243
104,airai,-8.9266,125.4092,21.16,82,82,1.29,TL,1675228015
105,saldanha,-33.0117,17.9442,17.86,91,0,4.88,ZA,1675228244
106,hamilton,39.1834,-84.5333,-3.92,69,100,1.79,US,1675227646
107,labuan,5.2767,115.2417,27.26,78,90,1.61,MY,1675228244
108,kaura namoda,12.5898,6.5779,20.7,13,83,4.25,NG,1675228245
109,boa vista,2.8197,-60.6733,24.99,73,0,2.57,BR,1675227807
110,santa isabel,-23.3156,-46.2214,20.61,95,100,0.86,BR,1675228245
111,merauke,-8.4667,140.3333,29.48,72,100,4.28,ID,1675228246
112,ayan,56.45,138.1667,-20.34,62,96,6.09,RU,1675228246
113,barao de melgaco,-16.1944,-55.9675,22.37,96,99,1.65,BR,1675228247
114,ribeira grande,38.5167,-28.7,10.99,80,98,2.24,PT,1675228247
115,dryden,49.7833,-92.7503,-27.5,100,65,1.19,CA,1675228248
116,micheweni,-4.9667,39.8333,26.6,75,6,2.62,TZ,1675228248
117,banjar,-8.19,114.9675,29.17,79,89,1.82,ID,1675228249
118,tecoanapa,16.5167,-98.75,23.55,78,0,2.06,MX,1675228249
119,cabo san lucas,22.8909,-109.9124,18.12,65,66,1.64,MX,1675228250
120,rio gallegos,-51.6226,-69.2181,12.37,60,100,0.72,AR,1675228001
121,los llanos de aridane,28.6585,-17.9182,12.86,77,100,4.63,ES,1675228250
122,ahipara,-35.1667,173.1667,22.94,76,99,3.71,NZ,1675228251
123,dabakala,8.3667,-4.4333,22.7,20,65,0.18,CI,1675228251
124,kemijarvi,66.7131,27.4306,-12.97,97,100,1.22,FI,1675228252
125,ilulissat,69.2167,-51.1,-16.99,66,75,4.12,GL,1675228252
126,khorol,49.7837,33.2783,-1.36,96,100,2.06,UA,1675228253
127,carnarvon,-24.8667,113.6333,27.47,67,44,6.37,AU,1675228216
128,severo-kurilsk,50.6789,156.125,-3.83,58,64,2.14,RU,1675228253
129,thompson,55.7435,-97.8558,-33.2,98,100,1.35,CA,1675228254
130,lorengau,-2.0226,147.2712,28.17,75,57,3.49,PG,1675228254
131,chake chake,-5.2459,39.7666,26.45,74,5,2.29,TZ,1675228255
132,gizo,-8.103,156.8419,28.63,73,97,4.44,SB,1675228255
133,saint-philippe,-21.3585,55.7679,27.28,85,93,4.95,RE,1675228256
134,acapulco,16.8634,-99.8901,23.9,78,0,1.03,MX,1675228219
135,isangel,-19.55,169.2667,28.12,74,100,1.69,VU,1675228256
136,oriximina,-1.7656,-55.8661,22.7,93,100,1.16,BR,1675228257
137,jijiga,9.35,42.8,18.35,38,3,3.23,ET,1675228257
138,port blair,11.6667,92.75,30.02,70,20,2.57,IN,1675228180
139,nikolskoye,59.7035,30.7861,-0.05,85,99,3.25,RU,1675228258
140,kendari,-3.945,122.4989,27.66,77,100,2.16,ID,1675228259
141,torbay,47.6666,-52.7314,1.6,95,75,9.26,CA,1675228259
142,ancud,-41.8697,-73.8203,9.23,88,0,1.26,CL,1675228259
143,vaini,-21.2,-175.2,28.09,83,75,4.12,TO,1675228260
144,sao filipe,14.8961,-24.4956,21.42,71,87,4.6,CV,1675228260
145,clyde river,70.4692,-68.5914,-36.83,84,11,1.52,CA,1675228261
146,turka,49.1541,23.0297,-1.61,92,99,4.56,UA,1675228261
147,gijon,43.5357,-5.6615,9.33,83,86,1.34,ES,1675228262
148,sinjar,36.3209,41.8754,5.76,87,54,1.82,IQ,1675228262
149,saint george,37.1041,-113.5841,-1.14,42,0,3.6,US,1675228206
150,westport,41.1415,-73.3579,0.18,56,100,4.63,US,1675228091
151,karratha,-20.7377,116.8463,35.35,45,18,7.64,AU,1675228263
152,bumbesti-jiu,45.1667,23.4,-1.6,85,42,2.34,RO,1675228264
153,atuona,-9.8,-139.0333,26.12,77,64,10.66,PF,1675228264
154,mount gambier,-37.8333,140.7667,18.08,40,88,4.4,AU,1675228265
155,norman wells,65.282,-126.8329,-35.59,100,39,0.69,CA,1675228242
156,vao,-22.6667,167.4833,26.37,77,86,5.91,NC,1675228265
157,kamenka,51.3223,42.7678,-2.95,93,100,3.9,RU,1675228266
158,kulhudhuffushi,6.6221,73.07,26.8,75,94,6.52,MV,1675228266
159,padang,-0.9492,100.3543,30.03,69,100,2.29,ID,1675228045
160,cam ranh,11.9214,109.1591,25.98,69,75,3.6,VN,1675228062
161,sistranda,63.7256,8.834,-3.02,69,100,5.12,NO,1675228267
162,bilma,18.6853,12.9164,13.77,31,100,5.97,NE,1675228268
163,kavieng,-2.5744,150.7967,28.39,72,93,3.84,PG,1675228268
164,banda aceh,5.5577,95.3222,28.07,65,82,1.16,ID,1675228269
165,clinton,42.587,-82.9199,-8.99,75,0,2.57,US,1675227990
166,rio grande,-32.035,-52.0986,23.14,84,0,1.11,BR,1675228270
167,batagay-alyta,67.8006,130.4114,-23.12,99,100,1.21,RU,1675228270
168,borovskoy,53.8,64.15,-15.62,87,69,3.39,KZ,1675228271
169,fenyi,27.8112,114.6681,21.82,38,0,0.55,CN,1675228271
170,aykhal,66.0,111.5,-29.27,98,46,2.86,RU,1675228272
171,pisco,-13.7,-76.2167,23.03,78,0,4.63,PE,1675228272
172,sterling,39.0062,-77.4286,2.0,91,100,2.57,US,1675228021
173,saskylakh,71.9167,114.0833,-27.68,97,100,7.74,RU,1675228273
174,cayenne,4.9333,-52.3333,23.02,100,75,1.03,GF,1675228273
175,oosterhout,51.6396,4.8679,7.18,82,100,4.12,NL,1675228274
176,hobart,-42.8794,147.3294,19.03,47,40,7.72,AU,1675227996
177,katsuura,35.1333,140.3,12.01,58,48,11.26,JP,1675228052
178,kysyl-syr,63.8986,122.7617,-28.39,96,100,3.37,RU,1675228275
179,mar del plata,-38.0023,-57.5575,21.16,85,98,2.24,AR,1675228275
180,ruwi,23.5996,58.5507,21.83,58,6,4.01,OM,1675228276
181,muros,42.7762,-9.0603,6.02,88,10,5.31,ES,1675228276
182,kerema,-7.9631,145.7785,29.51,72,98,3.81,PG,1675227995
183,khatanga,71.9667,102.5,-42.98,100,62,0.96,RU,1675228277
184,mitu,1.1983,-70.1733,21.67,77,42,0.8,CO,1675228277
185,victor harbor,-35.5667,138.6167,18.33,66,100,0.89,AU,1675228278
186,arraial do cabo,-22.9661,-42.0278,24.13,90,91,10.59,BR,1675228278
187,winkler,49.1817,-97.941,-21.9,93,8,2.32,CA,1675228044
188,tasiilaq,65.6145,-37.6368,-10.91,72,96,3.57,GL,1675228279
189,longyearbyen,78.2186,15.6401,-9.09,62,40,4.63,SJ,1675228120
190,shyryayeve,47.3805,30.1964,-2.44,92,37,2.82,UA,1675228221
191,atasu,48.6814,71.6433,-11.54,95,90,2.47,KZ,1675228280
192,barrow,71.2906,-156.7887,-20.99,77,0,11.32,US,1675228281
193,amapa,1.0,-52.0,20.97,100,94,1.05,BR,1675228281
194,walvis bay,-22.9575,14.5053,17.83,81,100,2.32,NA,1675228282
195,inongo,-1.95,18.2667,22.53,85,70,2.29,CD,1675228282
196,kaitangata,-46.2817,169.8464,17.94,87,99,2.46,NZ,1675228283
197,jalu,29.0331,21.5482,9.69,75,4,5.2,LY,1675228283
198,vanimo,-2.6741,141.3028,28.66,73,95,2.53,PG,1675228284
199,phetchaburi,12.9667,99.5833,33.5,27,58,2.08,TH,1675228284
200,college,64.8569,-147.8028,-9.4,78,100,2.57,US,1675228242
201,port elizabeth,-33.918,25.5701,22.4,93,0,4.12,ZA,1675228285
202,andenes,69.3143,16.1194,0.99,69,75,2.06,NO,1675228285
203,maragogi,-9.0122,-35.2225,24.91,82,59,1.98,BR,1675228286
204,leningradskiy,69.3833,178.4167,-14.8,96,100,4.43,RU,1675228286
205,fort nelson,58.8053,-122.7002,-16.7,81,100,1.21,CA,1675228109
206,warri,5.5167,5.75,24.94,89,31,1.42,NG,1675228165
207,dingle,10.9995,122.6711,28.58,75,47,6.78,PH,1675228287
208,luyang,27.6239,110.0989,13.46,40,100,1.51,CN,1675228288
209,hithadhoo,-0.6,73.0833,27.28,73,16,5.15,MV,1675228288
210,pekalongan,-6.8886,109.6753,30.01,74,95,5.1,ID,1675228289
211,beringovskiy,63.05,179.3167,-7.0,99,60,3.38,RU,1675228252
212,baijiantan,45.6333,85.1833,-12.81,72,28,0.78,CN,1675228290
213,henties bay,-22.116,14.2845,17.32,88,100,2.51,NA,1675228290
214,tahe,52.3333,124.7333,-12.39,62,14,4.99,CN,1675228291
215,shimoda,34.6667,138.95,11.72,64,51,8.34,JP,1675228291
216,akyab,20.15,92.9,25.34,41,68,1.97,MM,1675228292
217,new ulm,44.3125,-94.4605,-16.79,71,0,1.54,US,1675228292
218,katherine,-14.4667,132.2667,27.18,83,75,8.23,AU,1675228293
219,sola,-13.8833,167.55,27.82,69,98,2.38,VU,1675228293
220,labuhan,-6.8844,112.2051,28.11,77,100,4.38,ID,1675228294
221,half moon bay,37.4636,-122.4286,10.01,50,20,3.6,US,1675228155
222,ak-dovurak,51.1833,90.6,-20.03,94,96,0.71,RU,1675228295
223,tuatapere,-46.1333,167.6833,19.87,80,98,2.01,NZ,1675228251
224,berbera,10.4396,45.0143,24.22,65,65,2.16,SO,1675228295
225,nguruka,-5.1092,31.0419,17.93,93,42,1.42,TZ,1675228296
226,tyrma,50.0833,132.1667,-17.28,82,95,2.82,RU,1675228296
227,buala,-8.145,159.5921,28.53,71,93,3.41,SB,1675228297
228,tromso,69.6496,18.957,-0.99,93,75,2.06,NO,1675228297
229,sao jose da coroa grande,-8.8978,-35.1478,25.09,82,68,2.17,BR,1675228298
230,iqaluit,63.7506,-68.5145,-28.95,88,100,6.48,CA,1675228137
231,baraki barak,33.9675,68.9486,-5.44,77,98,1.09,AF,1675228299
232,auki,-8.7676,160.7034,28.92,71,89,3.99,SB,1675228125
233,san luis,-33.295,-66.3356,22.69,67,55,3.68,AR,1675228173
234,lima,-12.0432,-77.0282,23.83,78,0,5.14,PE,1675227755
235,buchanan,5.8808,-10.0467,24.83,92,1,1.51,LR,1675228300
236,tautira,-17.7333,-149.15,27.08,77,18,6.89,PF,1675228300
237,pangnirtung,66.1451,-65.7125,-30.48,75,100,1.67,CA,1675228285
238,inhambane,-23.865,35.3833,26.17,68,76,5.28,MZ,1675228301
239,bam,29.106,58.357,14.38,36,16,5.66,IR,1675228302
240,panama city,8.9936,-79.5197,24.54,81,100,4.12,PA,1675228302
241,aguas vermelhas,-15.7472,-41.46,16.69,99,6,0.91,BR,1675228302
242,san francisco,37.7749,-122.4194,10.78,63,20,3.6,US,1675227702
243,mildura,-34.2,142.15,27.82,33,0,4.66,AU,1675228192
244,lasa,46.6166,10.7002,-2.58,89,22,2.99,IT,1675228092
245,nchelenge,-9.3451,28.734,19.26,93,57,2.12,ZM,1675228304
246,bathsheba,13.2167,-59.5167,23.94,74,2,4.8,BB,1675228231
247,lexington,37.9887,-84.4777,-3.0,83,100,2.57,US,1675228118
248,quatre cocos,-20.2078,57.7625,28.06,70,98,6.26,MU,1675228304
249,ambilobe,-13.2,49.05,26.96,82,62,0.54,MG,1675228305
250,florianopolis,-27.6146,-48.5012,23.68,93,20,2.06,BR,1675227923
251,phatthalung,7.5,100.0833,28.05,68,89,3.71,TH,1675228306
252,miles city,46.4083,-105.8406,-7.46,67,20,0.0,US,1675228130
253,bonavista,48.6499,-53.1147,-3.48,94,100,13.34,CA,1675228307
254,moundsville,39.9203,-80.7431,-3.25,79,100,1.78,US,1675228307
255,gawler,-34.6,138.7333,21.3,71,42,5.09,AU,1675228308
256,gravdal,68.1214,13.5031,-6.06,100,0,0.0,NO,1675228308
257,aguadilla,18.4275,-67.1541,25.5,77,75,6.17,PR,1675228309
258,barreiras,-12.1528,-44.99,20.59,75,2,1.27,BR,1675228309
259,teya,60.3778,92.6267,-12.92,94,99,1.18,RU,1675228309
260,qarqin,37.4185,66.0436,15.24,36,100,12.81,AF,1675228310
261,novyy urengoy,66.0833,76.6333,-11.97,95,100,7.82,RU,1675228310
262,maningrida,-12.0667,134.2667,30.99,67,87,5.93,AU,1675228311
263,saint-joseph,-21.3667,55.6167,26.72,82,89,4.93,RE,1675228094
264,isiro,2.7739,27.616,19.79,64,93,0.83,CD,1675228311
265,kudahuvadhoo,2.6708,72.8944,26.84,76,100,5.65,MV,1675228312
266,hobyo,5.3505,48.5268,25.46,66,5,7.38,SO,1675228313
267,okhotsk,59.3833,143.3,-16.89,95,100,5.59,RU,1675228313
268,lavrentiya,65.5833,-171.0,-12.87,98,94,2.24,RU,1675228314
269,odweyne,9.4092,45.064,17.35,55,1,2.27,SO,1675228314
270,sur,22.5667,59.5289,21.27,64,6,2.93,OM,1675228315
271,matagami,49.7502,-77.6328,-17.94,78,100,3.09,CA,1675228316
272,husavik,66.0449,-17.3389,-1.95,95,100,4.84,IS,1675228315
273,komsomolskiy,40.4272,71.7189,2.4,64,100,1.03,UZ,1675228316
274,batemans bay,-35.7167,150.1833,22.83,65,21,4.05,AU,1675228317
275,sovetskiy,61.3614,63.5842,-9.31,96,95,3.01,RU,1675228317
276,bilibino,68.0546,166.4372,-15.98,90,97,2.61,RU,1675228318
277,tuktoyaktuk,69.4541,-133.0374,-33.52,100,17,1.13,CA,1675228318
278,la ronge,55.1001,-105.2842,-30.28,100,42,2.22,CA,1675228319
279,abu samrah,35.3029,37.1841,7.08,86,81,6.08,SY,1675228319
280,humberto de campos,-2.5983,-43.4611,23.24,96,99,1.31,BR,1675228319
281,tiksi,71.6872,128.8694,-18.14,99,100,3.43,RU,1675228320
282,aklavik,68.2191,-135.0107,-34.85,100,69,2.72,CA,1675228082
283,evensk,61.95,159.2333,-10.56,96,100,1.95,RU,1675228321
284,aripuana,-9.1667,-60.6333,21.28,98,99,0.77,BR,1675228321
285,qaqortoq,60.7167,-46.0333,-12.5,91,100,2.58,GL,1675228322
286,troitskoye,52.9821,84.6757,-7.5,84,100,1.15,RU,1675228146
287,heyang,26.1011,107.473,12.18,79,100,1.24,CN,1675228323
288,tanete,-3.9443,119.7848,30.54,64,87,3.93,ID,1675228324
289,asau,46.4333,26.4,-5.49,87,74,3.41,RO,1675228324
290,tadine,-21.55,167.8833,27.94,72,68,3.0,NC,1675228325
291,nantucket,41.2835,-70.0995,-0.92,59,100,6.17,US,1675228325
292,nideggen,50.7,6.4833,4.98,83,40,8.75,DE,1675228326
293,mumford,5.2618,-0.759,25.12,87,27,1.99,GH,1675228326
294,priargunsk,50.3691,119.1012,-17.39,79,10,1.78,RU,1675228327
295,sitka,57.0531,-135.33,3.94,87,100,2.57,US,1675228327
296,prescott,34.54,-112.4685,1.21,75,0,3.6,US,1675228327
297,sarakhs,36.5449,61.1577,15.41,36,100,8.74,IR,1675228328
298,fortuna,40.5982,-124.1573,4.51,93,0,3.6,US,1675228329
299,koungou,-12.7336,45.2042,25.84,89,75,4.12,YT,1675228329
300,deer lake,49.1667,-57.4316,-20.43,100,48,1.5,CA,1675228330
301,vostok,46.4856,135.8833,-12.79,85,100,2.49,RU,1675228331
302,saint-augustin,51.226,-58.6502,-24.1,88,1,2.72,CA,1675228331
303,waverly,42.7392,-84.6208,-12.04,80,75,4.12,US,1675228331
304,coihaique,-45.5752,-72.0662,12.34,76,0,1.54,CL,1675228332
305,verkhnyaya inta,65.9811,60.3094,-4.88,79,65,8.17,RU,1675228332
306,trinidad,-14.8333,-64.9,22.48,98,100,1.67,BO,1675228333
307,kunming,25.0389,102.7183,21.84,24,1,4.98,CN,1675228117
308,seredka,58.1584,28.1858,-0.14,97,89,3.82,RU,1675228334
309,san policarpo,12.1791,125.5072,27.1,83,16,5.7,PH,1675228334
310,terre-de-bas,15.8501,-61.6442,19.73,76,0,4.37,GP,1675228335
311,bosaso,11.2842,49.1816,23.85,63,19,2.26,SO,1675228335
312,lago da pedra,-4.3333,-45.1667,21.95,99,97,1.52,BR,1675228336
313,kindu,-2.95,25.95,18.56,98,100,1.36,CD,1675228336
314,tamandare,-8.7597,-35.1047,24.89,83,74,2.04,BR,1675228337
315,itacoatiara,-3.1431,-58.4442,22.68,97,100,0.93,BR,1675228337
316,hambantota,6.1241,81.1185,28.19,89,20,1.03,LK,1675228338
317,lazurne,46.084,32.5295,0.28,90,84,4.55,UA,1675228338
318,lagoa,39.05,-27.9833,13.83,68,98,5.09,PT,1675228339
319,siguiri,11.6667,-9.5,21.42,20,50,1.35,GN,1675228339
320,tonantins,-2.8731,-67.8022,21.89,99,75,0.53,BR,1675228243
321,mecca,21.4267,39.8261,21.13,65,26,3.0,SA,1675228316
322,porto walter,-8.2686,-72.7439,22.15,99,99,1.12,BR,1675228282
323,zarubino,42.63,131.0922,-2.9,48,97,5.63,RU,1675228341
324,gourcy,13.2167,-2.35,19.86,7,100,4.21,BF,1675228341
325,vestmannaeyjar,63.4427,-20.2734,0.04,69,68,2.15,IS,1675228342
326,seydi,39.4816,62.9137,9.13,60,100,8.12,TM,1675228155
327,mettur,11.8,77.8,27.59,34,99,3.77,IN,1675228343
328,olga,43.7444,135.2892,-3.63,43,100,5.93,RU,1675228343
329,darhan,49.4867,105.9228,-15.22,81,100,2.42,MN,1675228344
330,damaturu,11.747,11.9608,19.93,23,93,3.97,NG,1675228344
331,portland,45.5234,-122.6762,2.96,72,75,2.57,US,1675227547
332,luderitz,-26.6481,15.1594,15.74,89,6,4.76,NA,1675228345
333,taltal,-25.4,-70.4833,19.87,85,67,0.53,CL,1675228345
334,mehamn,71.0357,27.8492,0.95,86,75,8.75,NO,1675228346
335,kasongo-lunda,-6.4667,16.8167,19.47,98,94,0.19,CD,1675228346
336,north bend,43.4065,-124.2243,3.81,87,0,3.6,US,1675228137
337,saint anthony,45.0205,-93.218,-12.04,61,100,3.6,US,1675228347
338,wake forest,35.9799,-78.5097,13.98,94,100,2.57,US,1675228143
339,meulaboh,4.1363,96.1285,28.9,61,91,1.59,ID,1675228348
340,teguldet,57.3064,88.1667,-16.52,98,100,1.31,RU,1675228348
341,volchikha,52.0333,80.3833,-8.46,88,82,2.18,RU,1675228349
342,kamina,-8.7386,24.9906,17.62,95,95,1.02,CD,1675228350
343,itarema,-2.9248,-39.9167,24.93,90,48,4.87,BR,1675228350
344,edd,13.9297,41.6925,25.21,58,16,7.84,ER,1675228351
345,hirara,24.8,125.2833,20.34,72,100,4.38,JP,1675228105
346,carlsbad,33.1581,-117.3506,13.55,60,0,0.89,US,1675228187
347,la palma,33.8464,-118.0467,15.01,35,0,2.57,US,1675228352
348,barentu,15.1139,37.5928,21.18,46,29,1.4,ER,1675228352
349,broken hill,-31.95,141.4333,26.95,28,0,4.44,AU,1675228353
350,paignton,50.4357,-3.5679,7.58,88,9,1.79,GB,1675228353
351,roma,43.2128,-75.4557,-8.36,78,75,0.0,US,1675228354
352,pochutla,15.7432,-96.4661,22.68,75,1,1.71,MX,1675228354
353,galle,6.0367,80.217,26.55,78,96,7.02,LK,1675228345
354,korla,41.7597,86.1469,-4.22,65,50,0.92,CN,1675228156
355,gombong,-7.6072,109.5142,30.93,65,97,1.92,ID,1675228355
356,lata,40.1629,-8.3327,2.22,77,1,1.76,PT,1675228355
357,yar-sale,66.8333,70.8333,-8.87,95,100,6.82,RU,1675228149
358,kavaratti,10.5669,72.642,26.58,74,83,5.21,IN,1675228248
359,kaabong,3.4836,34.1492,21.55,49,15,5.23,UG,1675228356
360,elliot,-31.3333,27.85,17.26,75,68,3.37,ZA,1675228357
361,alibag,18.6411,72.8792,28.04,45,25,5.41,IN,1675228357
362,mehran,33.1222,46.1646,11.3,63,3,2.59,IR,1675228358
363,tual,-5.6667,132.75,28.4,76,88,6.53,ID,1675228360
364,tupik,54.4253,119.9327,-16.12,72,98,2.71,RU,1675228360
365,port moresby,-9.4431,147.1797,28.83,77,89,4.04,PG,1675228360
366,upington,-28.4478,21.2561,23.83,64,0,2.89,ZA,1675228361
367,obihiro,42.9172,143.2044,-4.17,68,74,1.05,JP,1675228361
368,natal,-5.795,-35.2094,26.12,73,20,3.09,BR,1675227924
369,tchibanga,-2.85,11.0333,21.3,98,100,1.26,GA,1675228362
370,bosilovo,41.4406,22.7278,-0.54,83,6,2.56,MK,1675228363
371,victoria,22.2855,114.1577,24.42,85,45,1.34,HK,1675228339
372,zaozerne,45.1582,33.2787,2.58,74,100,5.37,UA,1675228363
373,orangeburg,33.4918,-80.8557,16.64,97,100,2.57,US,1675228364
374,alofi,-19.0595,-169.9187,26.05,80,98,5.87,NU,1675228364
375,mandello del lario,45.9192,9.3193,6.12,54,1,2.02,IT,1675228365
376,lahan,26.7296,86.4951,22.32,42,0,4.73,NP,1675228365
377,tessalit,20.1986,1.0114,14.43,12,3,3.52,ML,1675228316
378,severo-yeniseyskiy,60.3725,93.0408,-14.4,94,92,1.26,RU,1675228366
379,terra santa,-2.1042,-56.4869,22.28,91,100,0.92,BR,1675228366
380,mpigi,0.225,32.3136,19.45,78,81,1.01,UG,1675228367
381,covington,39.0837,-84.5086,-3.49,70,75,4.63,US,1675228367
382,leshukonskoye,64.8989,45.7622,-3.7,91,100,5.48,RU,1675228368
383,asfi,32.2994,-9.2372,12.54,73,100,6.69,MA,1675228266
384,flinders,-34.5833,150.8552,24.58,68,4,4.7,AU,1675228369
385,chapais,49.7834,-74.8492,-24.12,91,100,5.63,CA,1675228122
386,dolores,-36.3132,-57.6792,17.99,97,45,2.76,AR,1675228369
387,sao joao da barra,-21.6403,-41.0511,24.04,88,39,7.53,BR,1675228370
388,udachnyy,66.4167,112.4,-31.42,74,82,2.33,RU,1675228114
389,sooke,48.3746,-123.7276,4.76,89,100,1.74,CA,1675228371
390,high rock,26.6208,-78.2833,20.01,73,2,4.15,BS,1675228371
391,banfora,10.6333,-4.7667,22.63,13,80,2.29,BF,1675228372
392,aksarka,66.5606,67.7975,-9.53,95,100,5.41,RU,1675228372
393,chicama,-7.8447,-79.1469,19.3,69,99,2.14,PE,1675228373
394,esperance,-33.8667,121.9,18.89,57,86,6.86,AU,1675228373
395,kazachinskoye,57.6953,93.2761,-10.64,93,100,1.46,RU,1675228374
396,chagoda,59.164,35.3285,-3.13,94,99,3.56,RU,1675228374
397,thanh hoa,19.8,105.7667,24.01,51,48,2.0,VN,1675228374
398,santander,43.4647,-3.8044,8.59,93,75,2.57,ES,1675228105
399,moerai,-22.4333,-151.3333,26.06,77,100,3.41,PF,1675228375
400,pontes e lacerda,-15.2261,-59.3353,21.56,98,97,1.88,BR,1675228175
401,bachatskiy,54.2927,86.1285,-11.38,91,85,1.17,RU,1675228376
402,riyadh,24.6877,46.7219,14.08,66,31,3.69,SA,1675228350
403,ajdabiya,30.7554,20.2263,12.36,70,33,4.69,LY,1675228377
404,pandan,14.0453,124.1694,26.8,85,23,5.14,PH,1675228377
405,fairbanks,64.8378,-147.7164,-9.39,79,100,2.57,US,1675228377
406,dullewala,31.8359,71.4362,18.1,32,5,2.18,PK,1675228378
407,xining,36.6167,101.7667,-3.17,25,100,1.23,CN,1675228378
408,bubaque,11.2833,-15.8333,24.95,53,13,5.94,GW,1675228379
409,vardo,70.3705,31.1107,-1.01,100,100,12.86,NO,1675228363
410,san vicente,-26.6167,-54.1333,17.82,99,13,1.09,AR,1675228130
411,jiuquan,39.7432,98.5174,-2.75,28,100,1.65,CN,1675228380
412,havoysund,70.9963,24.6622,1.13,81,100,10.22,NO,1675228380
413,broome,42.2506,-75.833,-7.41,82,0,2.06,US,1675228381
414,talnakh,69.4865,88.3972,-15.44,95,100,4.64,RU,1675228381
415,tilichiki,60.4667,166.1,-12.59,93,100,3.2,RU,1675228382
416,kaeo,-35.1,173.7833,24.62,81,99,3.21,NZ,1675228382
417,esmeraldas,-19.7625,-44.3139,21.48,92,65,1.6,BR,1675228383
418,tsuruga,35.6455,136.0558,9.48,68,91,5.32,JP,1675228384
419,mitsamiouli,-11.3847,43.2844,27.63,75,43,2.49,KM,1675228384
420,tingo maria,-9.2895,-76.0088,21.09,98,100,0.8,PE,1675228385
421,faya,18.3851,42.4509,13.29,51,63,1.83,SA,1675228385
422,plettenberg bay,-34.0527,23.3716,20.09,77,0,3.02,ZA,1675228386
423,xuzhou,34.1805,117.1571,7.44,33,93,6.78,CN,1675228386
424,kupang,-10.1667,123.5833,30.32,74,75,2.57,ID,1675228387
425,maunabo,18.0072,-65.8993,23.96,92,7,4.11,PR,1675228387
426,sakakah,29.9697,40.2064,8.06,70,0,2.77,SA,1675228388
427,narsaq,60.9167,-46.05,-7.88,94,100,1.93,GL,1675228388
428,rossosh,51.1209,38.5116,-6.34,96,77,2.24,RU,1675228310
429,bratsk,56.1325,101.6142,-16.73,91,100,1.21,RU,1675228389
430,saint-andre-avellin,45.7168,-75.066,-25.75,99,11,1.34,CA,1675228225
431,chany,55.3121,76.7647,-18.17,90,13,2.16,RU,1675228390
432,gouyave,12.1646,-61.7296,23.7,75,3,4.15,GD,1675228390
433,koutiala,12.3917,-5.4642,21.26,9,100,3.74,ML,1675228312
434,marsh harbour,26.5412,-77.0636,23.27,76,2,3.85,BS,1675228391
435,muncar,-8.4333,114.3333,30.65,62,86,2.63,ID,1675228391
436,tver,56.8619,35.8931,-2.28,91,100,2.4,RU,1675228151
437,lerwick,60.1545,-1.1494,7.0,89,95,19.62,GB,1675228392
438,verkhnevilyuysk,63.4453,120.3167,-28.94,97,100,3.89,RU,1675228393
439,jiblah,13.9216,44.1467,16.39,56,27,0.51,YE,1675228393
440,anajatuba,-3.2644,-44.6197,22.61,98,94,1.44,BR,1675228280
441,ihosy,-22.4,46.1167,19.17,95,100,4.03,MG,1675228394
442,klaksvik,62.2266,-6.589,2.51,86,96,12.6,FO,1675228161
443,bowen,-20.0167,148.2333,28.48,82,100,6.88,AU,1675228395
444,haines junction,60.7522,-137.5108,-13.91,99,95,0.81,CA,1675228395
445,murgab,37.4966,61.9714,15.99,31,100,12.24,TM,1675228396
446,oga,46.4631,10.347,-5.66,95,38,2.04,IT,1675228396
447,dong hoi,17.4833,106.6,22.54,73,72,2.48,VN,1675228397
448,fukue,32.6881,128.8419,14.6,64,95,9.53,JP,1675228397
449,san patricio,28.017,-97.5169,3.93,85,100,5.49,US,1675228184
450,nizhniy tsasuchey,50.5167,115.1333,-12.4,65,1,5.39,RU,1675228398
451,egvekinot,66.3167,-179.1667,-8.62,96,99,2.43,RU,1675228398
452,grenaa,56.4158,10.8783,3.12,89,100,12.11,DK,1675228399
453,sisimiut,66.9395,-53.6735,-21.22,94,76,3.54,GL,1675228399
454,ust-omchug,61.15,149.6333,-19.96,97,99,1.02,RU,1675228400
455,arlit,18.7369,7.3853,15.24,23,24,3.73,NE,1675228400
456,zonguldak,41.25,31.8333,-0.82,99,100,1.39,TR,1675228401
457,vilhena,-12.7406,-60.1458,19.27,99,100,0.94,BR,1675228401
458,inuvik,68.3499,-133.7218,-35.81,100,11,1.35,CA,1675228245
459,praia da vitoria,38.7333,-27.0667,12.64,85,23,4.18,PT,1675228402
460,uran,18.8769,72.9397,27.98,44,11,4.73,IN,1675228403
461,touros,-5.1989,-35.4608,26.11,74,100,5.89,BR,1675228403
462,coolum beach,-26.5333,153.1,28.39,86,94,2.17,AU,1675228403
463,sylva,58.0348,56.7635,-3.35,94,99,3.5,RU,1675228404
464,atbasar,51.8,68.3333,-19.0,90,91,1.92,KZ,1675228404
465,tabora,-5.0167,32.8,17.64,91,87,1.46,TZ,1675228405
466,turgutlu,38.4953,27.6997,2.86,90,48,1.13,TR,1675228405
467,dalianwan,39.0286,121.695,0.02,32,0,9.0,CN,1675228406
468,rabo de peixe,37.8,-25.5833,12.73,67,20,5.14,PT,1675228406
469,bati,11.1833,40.0167,16.93,44,4,0.31,ET,1675228407
470,charters towers,-20.1,146.2667,32.55,50,100,6.18,AU,1675228175
471,biak,-0.9131,122.8766,29.35,64,92,2.24,ID,1675228407
472,atlantic city,39.3643,-74.4229,2.22,91,100,3.09,US,1675228408
473,constitucion,-35.3333,-72.4167,12.55,79,1,3.09,CL,1675228347
474,craig,40.5153,-107.5464,-18.21,83,0,0.0,US,1675228409
475,lang son,21.8333,106.7333,20.51,63,100,2.47,VN,1675228409
476,jeremie,18.65,-74.1167,25.19,77,38,6.42,HT,1675228410
477,qostanay,53.1667,63.5833,-20.84,77,0,3.0,KZ,1675228410
478,nanortalik,60.1432,-45.2371,-9.9,82,99,2.93,GL,1675228411
479,sorland,67.667,12.6934,2.92,64,67,4.05,NO,1675228411
480,serenje,-13.2325,30.2352,17.2,97,98,1.24,ZM,1675228412
481,buraydah,26.326,43.975,13.72,54,28,3.36,SA,1675228120
482,oktyabrskiy,54.4815,53.471,-15.68,96,38,2.57,RU,1675228412
483,chazuta,-6.5742,-76.1367,24.5,79,100,0.62,PE,1675228413
484,prince rupert,54.3161,-130.3201,3.2,96,100,3.52,CA,1675228413
485,codrington,-38.2667,141.9667,17.34,43,99,5.5,AU,1675228115
486,livingstone,-17.8419,25.8543,18.95,88,94,1.07,ZM,1675228414
487,puerto cabello,10.4731,-68.0125,24.03,80,22,3.62,VE,1675228414
488,ternate,0.8,127.4,28.52,75,45,4.34,ID,1675228415
489,anadyr,64.75,177.4833,-2.72,93,40,6.0,RU,1675228415
490,lompoc,34.6391,-120.4579,9.77,90,0,1.54,US,1675228416
491,baykit,61.67,96.37,-17.19,99,99,0.57,RU,1675228416
492,baruun-urt,46.6806,113.2792,-15.5,71,2,4.47,MN,1675228417
493,puerto colombia,10.9878,-74.9547,25.05,73,6,12.07,CO,1675228417
494,moose factory,51.2585,-80.6094,-32.22,100,59,1.36,CA,1675228418
495,ust-tsilma,65.441,52.1498,-3.3,86,98,5.76,RU,1675228418
496,siocon,7.7061,122.1353,29.49,75,24,2.57,PH,1675228418
497,nizwa,22.9333,57.5333,18.92,38,2,1.75,OM,1675228419
498,luba,3.4568,8.5547,26.96,81,35,1.48,GQ,1675228420
499,tyukhtet,56.5389,89.3011,-12.84,96,100,1.43,RU,1675228420
500,weligama,5.9667,80.4167,27.39,72,90,5.29,LK,1675228421
501,qui nhon,13.7667,109.2333,24.54,77,41,3.38,VN,1675228421
502,the valley,18.217,-63.0578,24.5,68,0,7.75,AI,1675228422
503,garango,11.8,-0.5506,22.41,9,94,4.01,BF,1675228422
504,makubetsu,45.3714,141.8211,-2.35,68,100,2.25,JP,1675228423
505,fort frances,48.5999,-93.4003,-24.88,84,0,2.06,CA,1675228423
506,richards bay,-28.783,32.0377,23.79,87,100,5.51,ZA,1675228124
507,belen,36.4891,36.2233,-1.92,100,100,1.03,TR,1675228424
508,novoagansk,61.9449,76.6625,-12.33,95,100,4.52,RU,1675228424
509,sobolevo,54.4299,31.8996,-3.11,95,100,3.2,RU,1675228425
510,wewak,-3.5534,143.6268,29.38,68,53,4.62,PG,1675228425
511,mahibadhoo,3.7833,72.9667,26.98,75,97,5.31,MV,1675228426
512,opuwo,-18.0607,13.84,18.92,74,94,1.41,NA,1675228426
513,ada,43.4166,-116.1262,-6.66,58,100,3.09,US,1675228427
514,hervey bay,-25.2986,152.8535,27.2,82,88,7.68,AU,1675228382
515,olginskaya,47.1879,39.9492,3.85,77,100,1.15,RU,1675228427
516,zhigansk,66.7697,123.3711,-28.5,97,100,3.6,RU,1675228428
517,pangody,65.85,74.4859,-9.95,94,100,8.02,RU,1675228428
518,maneromango,-7.1988,38.7848,22.31,94,57,1.32,TZ,1675228429
519,kastamonu,41.5,33.6667,-2.21,87,100,1.27,TR,1675228162
520,melfort,52.8667,-104.6177,-26.8,100,62,2.13,CA,1675228430
521,sept-iles,50.2001,-66.3821,-19.41,72,26,0.89,CA,1675228430
522,witu,-2.3889,40.4382,26.09,81,15,0.48,KE,1675228431
523,pilar,-9.5972,-35.9567,21.96,90,94,1.12,BR,1675228285
524,ambatofinandrahana,-20.55,46.8,17.98,93,100,1.99,MG,1675228431
525,calamar,10.2511,-74.9146,23.13,79,5,1.41,CO,1675228432
526,tateyama,34.9833,139.8667,14.5,61,45,11.36,JP,1675228432
527,te anau,-45.4167,167.7167,18.43,89,100,1.18,NZ,1675228433
528,rantepao,-2.9701,119.8978,26.06,78,100,0.95,ID,1675228433
529,astorga,-23.2325,-51.6656,18.88,98,100,1.69,BR,1675228230
530,dunedin,-45.8742,170.5036,19.48,83,100,4.56,NZ,1675228350
531,yingcheng,30.95,113.55,15.59,29,0,8.49,CN,1675228434
532,tocopilla,-22.092,-70.1979,22.23,79,100,0.83,CL,1675228435
533,ust-uda,54.1742,103.0304,-14.61,88,100,1.42,RU,1675228435
534,kardailovo,51.5386,53.9042,-18.08,90,39,3.68,RU,1675228436
535,gorele,41.0308,39.0031,6.01,93,100,3.18,TR,1675228436
536,vieques,18.425,-65.8329,26.01,65,75,7.2,PR,1675228437
537,vaasa,63.096,21.6158,-3.99,100,100,0.0,FI,1675228437
538,kuopio,62.8924,27.677,-6.03,93,100,3.09,FI,1675228437
539,praia,14.9215,-23.5087,20.3,73,40,7.2,CV,1675228438
540,lander,42.833,-108.7307,-0.67,77,0,1.54,US,1675228438
541,mahanje,-9.9333,35.3333,19.13,91,39,0.58,TZ,1675228439
542,izumo,35.3667,132.7667,9.65,83,100,6.2,JP,1675228213
543,baillif,16.0202,-61.7463,21.47,78,4,2.05,GP,1675228439
544,kumluca,36.3703,30.2869,9.92,60,100,2.93,TR,1675228440
545,presidencia roque saenz pena,-26.7852,-60.4388,25.54,43,2,1.02,AR,1675228440
546,visp,46.2937,7.8815,1.26,95,64,2.24,CH,1675228441
547,kampong thum,12.7111,104.8887,31.97,46,73,1.8,KH,1675228441
548,sambava,-14.2667,50.1667,27.51,76,17,3.35,MG,1675228442
549,indergarh,26.9352,79.6724,17.94,52,0,4.78,IN,1675228443
550,manutuke,-38.6833,177.9167,19.48,91,91,6.46,NZ,1675228443
551,kichera,55.9375,110.0997,-16.35,90,91,1.48,RU,1675228444
552,sao felix do xingu,-6.6447,-51.995,20.85,99,35,0.26,BR,1675228204
553,honghu,29.8206,113.4621,18.71,25,0,5.95,CN,1675228445
554,kushmurun,52.4503,64.6311,-18.6,98,52,2.07,KZ,1675228445
555,ahuimanu,21.4447,-157.8378,25.84,87,40,1.54,US,1675228446
556,magadan,59.5667,150.8,-11.37,94,100,2.66,RU,1675228446
557,kyaukse,21.6,96.1333,28.0,47,20,1.03,MM,1675228447
558,ossora,59.2353,163.0719,-7.13,87,100,0.89,RU,1675228447
559,santa maria do suacui,-18.1903,-42.4142,17.73,96,84,0.38,BR,1675228448
560,blois,47.5833,1.3333,6.21,96,65,2.93,FR,1675228448
561,uglich,57.5275,38.3317,-3.16,96,100,2.85,RU,1675228449
562,atar,20.5169,-13.0499,17.98,22,84,2.09,MR,1675228449
563,itoman,26.1247,127.6694,23.21,53,20,7.2,JP,1675228275
564,cidreira,-30.1811,-50.2056,23.46,92,0,1.37,BR,1675228450
565,necochea,-38.5473,-58.7368,18.29,86,100,2.61,AR,1675228450
566,poshekhonye,58.4993,39.1353,-2.69,90,100,3.86,RU,1675228451
567,veraval,20.9,70.3667,23.76,40,79,7.26,IN,1675228325
568,concordia,-31.393,-58.0209,26.55,66,0,5.36,AR,1675228451
569,luganville,-15.5333,167.1667,28.24,75,83,1.47,VU,1675228452
570,comodoro rivadavia,-45.8667,-67.5,18.7,43,81,9.82,AR,1675228452
571,grand gaube,-20.0064,57.6608,28.22,75,85,2.24,MU,1675228432
572,smithers,54.7804,-127.1743,-4.82,93,100,1.54,CA,1675228453
573,biguacu,-27.4942,-48.6556,25.12,93,96,1.41,BR,1675228454
574,virtsu,58.5716,23.5115,0.55,88,96,2.62,EE,1675228454
575,kota kinabalu,5.9749,116.0724,29.99,79,20,2.24,MY,1675228455
576,nome,64.5011,-165.4064,-5.96,100,100,0.0,US,1675228335
577,adrar,20.5022,-10.0711,14.53,15,35,4.67,MR,1675228456
578,byron bay,-28.65,153.6167,28.3,75,42,5.08,AU,1675228235
579,kakrala,27.9,79.2,17.62,55,0,5.38,IN,1675228456
580,iquique,-20.2208,-70.1431,22.02,85,100,1.46,CL,1675228207
